# from_page_id	to_title_base64	namespace
5323	MkQgY29tcHV0ZXIgZ3JhcGhpY3M	0
5323	QWJhY3Vz	0
5323	QWJzdHJhY3Rpb24gKGNvbXB1dGVyIHNjaWVuY2Up	0
5323	QUNNIENvbXB1dGluZyBDbGFzc2lmaWNhdGlvbiBTeXN0ZW0	0
5323	QWRhIExvdmVsYWNl	0
5323	QWVyb3NwYWNlIGVuZ2luZWVyaW5n	0
5323	QWZmZWN0aXZlIGNvbXB1dGluZw	0
5323	QWdpbGUgc29mdHdhcmUgZGV2ZWxvcG1lbnQ	0
5323	QWxhbiBUdXJpbmc	0
5323	QWxnZWJyYQ	0
5323	QWxnZWJyYWljIGRhdGEgdHlwZXM	0
5323	QWxnb3JpdGht	0
5323	QWxnb3JpdGhtIGRlc2lnbg	0
5323	QWxnb3JpdGhtaWMgZWZmaWNpZW5jeQ	0
5323	QWxnb3JpdGhtaWMgZ2FtZSB0aGVvcnk	0
5323	QWxnb3JpdGhtaWMgaW5mb3JtYXRpb24gdGhlb3J5	0
5323	QWxnb3JpdGhtaWNz	0
5323	QWxsZW4gTmV3ZWxs	0
5323	QWxvbnpvIENodXJjaA	0
5323	QW5hbHlzaXMgb2YgYWxnb3JpdGhtcw	0
5323	QW5hbHl0aWNhbCBFbmdpbmU	0
5323	QW50aG9ueSBSYWxzdG9u	0
5323	QXBwbGljYXRpb24gc2VjdXJpdHk	0
5323	QXBwbGllZCBtYXRoZW1hdGljcw	0
5323	QXBwbGllZCBzY2llbmNl	0
5323	QXJpdGhtb21ldGVy	0
5323	QXJ0aWZpY2lhbCBpbnRlbGxpZ2VuY2U	0
5323	QXJ0aWZpY2lhbCBuZXVyYWwgbmV0d29yaw	0
5323	QXNwZWN0LW9yaWVudGVkIHByb2dyYW1taW5n	0
5323	QXNzb2NpYXRpb24gZm9yIENvbXB1dGluZyBNYWNoaW5lcnk	0
5323	QXRhbmFzb2Zm4oCTQmVycnkgY29tcHV0ZXI	0
5323	QXVnbWVudGVkIHJlYWxpdHk	0
5323	QXV0b21hdGEgdGhlb3J5	0
5323	QXV0b21hdGVkIHBsYW5uaW5nIGFuZCBzY2hlZHVsaW5n	0
5323	QXV0b21hdGVkIHRoZW9yZW0gcHJvdmluZw	0
5323	QXV0b21hdGlvbg	0
5323	QXV0b25vbWljIGNvbXB1dGluZw	0
5323	QXhpb21hdGljIHN5c3RlbQ	0
5323	QmFja3dhcmQgY29tcGF0aWJpbGl0eQ	0
5323	QmVybm91bGxpIG51bWJlcg	0
5323	QmliY29kZSAoaWRlbnRpZmllcik	0
5323	QmluYXJ5IG51bWJlcg	0
5323	QmlvLWluc3BpcmVkIGNvbXB1dGluZw	0
5323	QmlvaW5mb3JtYXRpY3M	0
5323	QmlvbG9neQ	0
5323	Qml0	0
5323	QmxvY2tjaGFpbg	0
5323	QnJhaW7igJNjb21wdXRlciBpbnRlcmZhY2U	0
5323	QnJpYW4gUmFuZGVsbA	0
5323	Q2FtYnJpZGdlIERpcGxvbWEgaW4gQ29tcHV0ZXIgU2NpZW5jZQ	0
5323	Q2FtYnJpZGdlIFVuaXZlcnNpdHkgUHJlc3M	0
5323	Q2FwYWJpbGl0eSBNYXR1cml0eSBNb2RlbCBJbnRlZ3JhdGlvbg	0
5323	Q2F0ZWdvcnkgdGhlb3J5	0
5323	Q2VsbHVsYXIgYXV0b21hdGE	0
5323	Q2VudHJhbCBwcm9jZXNzaW5nIHVuaXQ	0
5323	Q2hhbm5lbCBjYXBhY2l0eQ	0
5323	Q2hhcmxlcyBCYWJiYWdl	0
5323	Q2hhcmxlcyBCYWJiYWdlOiBQaW9uZWVyIG9mIHRoZSBDb21wdXRlcg	0
5323	Q0kvQ0Q	0
5323	Q2lyY3VpdCAoY29tcHV0ZXIgc2NpZW5jZSk	0
5323	Q2l0ZVNlZXJYIChpZGVudGlmaWVyKQ	0
5323	Q2l2aWwgZW5naW5lZXJpbmc	0
5323	Q2xhdWRlIFNoYW5ub24	0
5323	Q29kZQ	0
5323	Q29kaW5nIHRoZW9yeQ	0
5323	Q29nbml0aXZlIHNjaWVuY2U	0
5323	Q29sdW1iaWEgVW5pdmVyc2l0eQ	0
5323	Q29tYmluYXRvcmlhbCBvcHRpbWl6YXRpb24	0
5323	Q29tbXVuaWNhdGlvbiBwcm90b2NvbA	0
5323	Q29tbXVuaWNhdGlvbnMgb2YgdGhlIEFDTQ	0
5323	Q29tcGF0aWJpbGl0eSBsYXllcg	0
5323	Q29tcGF0aWJpbGl0eSBtb2Rl	0
5323	Q29tcGlsZXIgY29uc3RydWN0aW9u	0
5323	Q29tcGlsZXIgZGVzaWdu	0
5323	Q29tcGxleCBzeXN0ZW0	0
5323	Q29tcG9uZW50LWJhc2VkIHNvZnR3YXJlIGVuZ2luZWVyaW5n	0
5323	Q29tcHV0YWJpbGl0eSB0aGVvcnk	0
5323	Q29tcHV0YXRpb24	0
5323	Q29tcHV0YXRpb25hbCBiaW9sb2d5	0
5323	Q29tcHV0YXRpb25hbCBjaGVtaXN0cnk	0
5323	Q29tcHV0YXRpb25hbCBjb21wbGV4aXR5	0
5323	Q29tcHV0YXRpb25hbCBjb21wbGV4aXR5IHRoZW9yeQ	0
5323	Q29tcHV0YXRpb25hbCBlbmdpbmVlcmluZw	0
5323	Q29tcHV0YXRpb25hbCBmaW5hbmNl	0
5323	Q29tcHV0YXRpb25hbCBnZW9tZXRyeQ	0
5323	Q29tcHV0YXRpb25hbCBpbnRlbGxpZ2VuY2U	0
5323	Q29tcHV0YXRpb25hbCBsZWFybmluZyB0aGVvcnk	0
5323	Q29tcHV0YXRpb25hbCBsaW5ndWlzdGljcw	0
5323	Q29tcHV0YXRpb25hbCBsb2dpYw	0
5323	Q29tcHV0YXRpb25hbCBtYXRoZW1hdGljcw	0
5323	Q29tcHV0YXRpb25hbCBtdXNpY29sb2d5	0
5323	Q29tcHV0YXRpb25hbCBwaHlzaWNz	0
5323	Q29tcHV0YXRpb25hbCBwcm9ibGVt	0
5323	Q29tcHV0YXRpb25hbCBzY2llbmNl	0
5323	Q29tcHV0YXRpb25hbCBzb2NpYWwgc2NpZW5jZQ	0
5323	Q29tcHV0YXRpb25hbCBzdGF0aXN0aWNz	0
5323	Q29tcHV0ZXI	0
5323	Q29tcHV0ZXIgYWNjZXNzaWJpbGl0eQ	0
5323	Q29tcHV0ZXIgYW5pbWF0aW9u	0
5323	Q29tcHV0ZXIgYXJjaGl0ZWN0dXJl	0
5323	Q29tcHV0ZXIgY29tcGF0aWJpbGl0eQ	0
5323	Q29tcHV0ZXIgZGF0YSBzdG9yYWdl	0
5323	Q29tcHV0ZXIgZW5naW5lZXJpbmc	0
5323	Q29tcHV0ZXIgZ3JhcGhpY3M	0
5323	Q29tcHV0ZXIgZ3JhcGhpY3MgKGNvbXB1dGVyIHNjaWVuY2Up	0
5323	Q29tcHV0ZXIgaGFyZHdhcmU	0
5323	Q29tcHV0ZXIgbmV0d29yaw	0
5323	Q29tcHV0ZXIgcHJvZ3JhbW1pbmc	0
5323	Q29tcHV0ZXIgc2NpZW5jZSAoZGlzYW1iaWd1YXRpb24p	0
5323	Q29tcHV0ZXIgc2NpZW5jZSBlZHVjYXRpb24	0
5323	Q29tcHV0ZXIgc2NpZW50aXN0	0
5323	Q29tcHV0ZXIgc2VjdXJpdHk	0
5323	Q29tcHV0ZXIgc3lzdGVt	0
5323	Q29tcHV0ZXIgdmlzaW9u	0
5323	Q29tcHV0aW5n	0
5323	Q29tcHV0aW5nIE1hY2hpbmVyeSBhbmQgSW50ZWxsaWdlbmNl	0
5323	Q29tcHV0aW5nIHBsYXRmb3Jt	0
5323	Q29uY3VycmVuY3kgKGNvbXB1dGVyIHNjaWVuY2Up	0
5323	Q29uY3VycmVudCBjb21wdXRpbmc	0
5323	Q29uZmVyZW5jZSBwYXBlcnM	0
5323	Q29udHJvbCBmbG93	0
5323	Q29udHJvbCB0aGVvcnk	0
5323	Q29ycmFkbyBCw7ZobQ	0
5323	Q29ycmVjdG5lc3MgKGNvbXB1dGVyIHNjaWVuY2Up	0
5323	Q3Jvc3MtdmFsaWRhdGlvbiAoc3RhdGlzdGljcyk	0
5323	Q3J5cHRvZ3JhcGhpYyBoYXNoIGZ1bmN0aW9u	0
5323	Q3J5cHRvZ3JhcGh5	0
5323	Q1NBQiAocHJvZmVzc2lvbmFsIG9yZ2FuaXphdGlvbik	0
5323	Q3liZXItcGh5c2ljYWwgc3lzdGVt	0
5323	Q3liZXJuZXRpY3M	0
5323	Q3liZXJ3YXJmYXJl	0
5323	RGF0YSBjb21wcmVzc2lvbg	0
5323	RGF0YSBtaW5pbmc	0
5323	RGF0YSBtb2RlbA	0
5323	RGF0YSBtb2RlbGluZw	0
5323	RGF0YSBwcm9jZXNzaW5n	0
5323	RGF0YSBzY2llbmNl	0
5323	RGF0YSBzdHJ1Y3R1cmU	0
5323	RGF0YSBzdHJ1Y3R1cmVz	0
5323	RGF0YSB0cmFuc21pc3Npb24	0
5323	RGF0YWJhc2U	0
5323	RGF0YWJhc2UgbW9kZWw	0
5323	RGF2aWQgUGFybmFz	0
5323	RGVjaXNpb24gc3VwcG9ydCBzeXN0ZW0	0
5323	RGVkdWN0aXZlIHJlYXNvbmluZw	0
5323	RGVwZW5kYWJpbGl0eQ	0
5323	RGV2T3Bz	0
5323	RGlmZmVyZW5jZSBFbmdpbmU	0
5323	RGlnaXRhbCBhcnQ	0
5323	RGlnaXRhbCBjb21wdXRlcg	0
5323	RGlnaXRhbCBsaWJyYXJ5	0
5323	RGlnaXRhbCBtYXJrZXRpbmc	0
5323	RGlnaXRhbCBzaWduYXR1cmU	0
5323	RGlzY3JldGUgbWF0aGVtYXRpY3M	0
5323	RGlzdHJpYnV0ZWQgYXJ0aWZpY2lhbCBpbnRlbGxpZ2VuY2U	0
5323	RGlzdHJpYnV0ZWQgY29tcHV0aW5n	0
5323	RG9jdW1lbnQgbWFuYWdlbWVudCBzeXN0ZW0	0
5323	RG9pIChpZGVudGlmaWVyKQ	0
5323	RG9tYWluIHRoZW9yeQ	0
5323	RG9tYWluLXNwZWNpZmljIGxhbmd1YWdl	0
5323	RG9uYWxkIEtudXRo	0
5323	RS1jb21tZXJjZQ	0
5323	RWFydGggc2NpZW5jZQ	0
5323	RWRzZ2VyIERpamtzdHJh	0
5323	RWRzZ2VyIFcuIERpamtzdHJh	0
5323	RWR1Y2F0aW9uYWwgdGVjaG5vbG9neQ	0
5323	RWxlY3RyaWNhbCBlbmdpbmVlcmluZw	0
5323	RWxlY3Ryb2VuY2VwaGFsb2dyYXBoeQ	0
5323	RWxlY3Ryb21lY2hhbmljYWw	0
5323	RWxlY3Ryb25pYyBkZXNpZ24gYXV0b21hdGlvbg	0
5323	RWxlY3Ryb25pYyBwdWJsaXNoaW5n	0
5323	RWxlY3Ryb25pYyB2b3Rpbmc	0
5323	RW1iZWRkZWQgc3lzdGVt	0
5323	RW1vdGlvbg	0
5323	RW1waXJpY2FsIHNjaWVuY2U	0
5323	RW1waXJpY2FsIHNvZnR3YXJlIGVuZ2luZWVyaW5n	0
5323	RW5jcnlwdGlvbg	0
5323	RW5naW5lZXJpbmc	0
5323	RU5JQUM	0
5323	RW50ZXJwcmlzZSBhcmNoaXRlY3R1cmU	0
5323	RW50ZXJwcmlzZSBpbmZvcm1hdGlvbiBzeXN0ZW0	0
5323	RW50ZXJwcmlzZSBzb2Z0d2FyZQ	0
5323	RW50ZXJwcmlzZSB1bmlmaWVkIHByb2Nlc3M	0
5323	RW50aXR54oCTcmVsYXRpb25zaGlwIG1vZGVs	0
5323	RXBpc3RlbW9sb2dpc3Q	0
5323	RXJyb3IgZGV0ZWN0aW9uIGFuZCBjb3JyZWN0aW9u	0
5323	RXNzZW50aWFsIHN5c3RlbXMgYW5hbHlzaXM	0
5323	RXZvbHV0aW9uYXJ5IGNvbXB1dGF0aW9u	0
5323	RXhlY3V0YWJsZSBVTUw	0
5323	RXhwZXJpbWVudGFsIHNvZnR3YXJlIGVuZ2luZWVyaW5n	0
5323	RXh0ZW5kZWQgcmVhbGl0eQ	0
5323	RXh0cmVtZSBwcm9ncmFtbWluZw	0
5323	RmFzdCBGb3VyaWVyIHRyYW5zZm9ybQ	0
5323	RmF1bHQgdG9sZXJhbmNl	0
5323	RmxvYXRpbmctcG9pbnQgYXJpdGhtZXRpYw	0
5323	Rmx1aWQgZHluYW1pY3M	0
5323	Rm9ybSBmYWN0b3IgKGRlc2lnbik	0
5323	Rm9ybWFsIGxhbmd1YWdl	0
5323	Rm9ybWFsIG1ldGhvZHM	0
5323	Rm9ybWFsIHNwZWNpZmljYXRpb24	0
5323	Rm9ybWFsIHZlcmlmaWNhdGlvbg	0
5323	Rm9yd2FyZCBjb21wYXRpYmlsaXR5	0
5323	RnJlZGVyaWNrIFAuIEJyb29rcyBKci4	0
5323	RnVuY3Rpb24gbW9kZWw	0
5323	RnVuY3Rpb25hbCBwcm9ncmFtbWluZw	0
5323	RnVuY3Rpb25hbCBzcGVjaWZpY2F0aW9u	0
5323	R2FyYmxlZCBjaXJjdWl0	0
5323	R2VvZ3JhcGhpYyBpbmZvcm1hdGlvbiBzeXN0ZW0	0
5323	R2VvcmdlIEJvb2xl	0
5323	R2VvcmdlIEZvcnN5dGhl	0
5323	R2xvc3Nhcnkgb2YgYWVyb3NwYWNlIGVuZ2luZWVyaW5n	0
5323	R2xvc3Nhcnkgb2YgYWdyaWN1bHR1cmU	0
5323	R2xvc3Nhcnkgb2YgQXJhYmljIHRvcG9ueW1z	0
5323	R2xvc3Nhcnkgb2YgYXJjaGFlb2xvZ3k	0
5323	R2xvc3Nhcnkgb2YgYXJjaGl0ZWN0dXJl	0
5323	R2xvc3Nhcnkgb2YgYXJlYXMgb2YgbWF0aGVtYXRpY3M	0
5323	R2xvc3Nhcnkgb2YgYXJ0aWZpY2lhbCBpbnRlbGxpZ2VuY2U	0
5323	R2xvc3Nhcnkgb2YgYXN0cm9ub215	0
5323	R2xvc3Nhcnkgb2YgYmlvbG9neQ	0
5323	R2xvc3Nhcnkgb2YgYmlyZCB0ZXJtcw	0
5323	R2xvc3Nhcnkgb2YgYm90YW5pY2FsIHRlcm1z	0
5323	R2xvc3Nhcnkgb2YgY2FsY3VsdXM	0
5323	R2xvc3Nhcnkgb2YgY2VsbCBiaW9sb2d5	0
5323	R2xvc3Nhcnkgb2YgY2VsbHVsYXIgYW5kIG1vbGVjdWxhciBiaW9sb2d5ICgw4oCTTCk	0
5323	R2xvc3Nhcnkgb2YgY2VsbHVsYXIgYW5kIG1vbGVjdWxhciBiaW9sb2d5IChN4oCTWik	0
5323	R2xvc3Nhcnkgb2YgY2hlbWlzdHJ5IHRlcm1z	0
5323	R2xvc3Nhcnkgb2YgY2l2aWwgZW5naW5lZXJpbmc	0
5323	R2xvc3Nhcnkgb2YgY2xpbmljYWwgcmVzZWFyY2g	0
5323	R2xvc3Nhcnkgb2YgY29tcHV0ZXIgaGFyZHdhcmUgdGVybXM	0
5323	R2xvc3Nhcnkgb2YgY29tcHV0ZXIgc2NpZW5jZQ	0
5323	R2xvc3Nhcnkgb2YgZGV2ZWxvcG1lbnRhbCBiaW9sb2d5	0
5323	R2xvc3Nhcnkgb2YgZWNvbG9neQ	0
5323	R2xvc3Nhcnkgb2YgZWNvbm9taWNz	0
5323	R2xvc3Nhcnkgb2YgZWxlY3RyaWNhbCBhbmQgZWxlY3Ryb25pY3MgZW5naW5lZXJpbmc	0
5323	R2xvc3Nhcnkgb2YgZW5naW5lZXJpbmc6IEHigJNM	0
5323	R2xvc3Nhcnkgb2YgZW5naW5lZXJpbmc6IE3igJNa	0
5323	R2xvc3Nhcnkgb2YgZW50b21vbG9neSB0ZXJtcw	0
5323	R2xvc3Nhcnkgb2YgZW52aXJvbm1lbnRhbCBzY2llbmNl	0
5323	R2xvc3Nhcnkgb2YgZ2VuZXRpY3MgYW5kIGV2b2x1dGlvbmFyeSBiaW9sb2d5	0
5323	R2xvc3Nhcnkgb2YgZ2VvZ3JhcGh5IHRlcm1zIChB4oCTTSk	0
5323	R2xvc3Nhcnkgb2YgZ2VvZ3JhcGh5IHRlcm1zIChO4oCTWik	0
5323	R2xvc3Nhcnkgb2YgZ2VvbG9neQ	0
5323	R2xvc3Nhcnkgb2YgSGVicmV3IHRvcG9ueW1z	0
5323	R2xvc3Nhcnkgb2YgaWNodGh5b2xvZ3k	0
5323	R2xvc3Nhcnkgb2YgbWFjaGluZSB2aXNpb24	0
5323	R2xvc3Nhcnkgb2YgbWVjaGFuaWNhbCBlbmdpbmVlcmluZw	0
5323	R2xvc3Nhcnkgb2YgbWVkaWNpbmU	0
5323	R2xvc3Nhcnkgb2YgbWV0ZW9yb2xvZ3k	0
5323	R2xvc3Nhcnkgb2YgbXljb2xvZ3k	0
5323	R2xvc3Nhcnkgb2YgbmFub3RlY2hub2xvZ3k	0
5323	R2xvc3Nhcnkgb2YgcGh5c2ljcw	0
5323	R2xvc3Nhcnkgb2YgcHJvYmFiaWxpdHkgYW5kIHN0YXRpc3RpY3M	0
5323	R2xvc3Nhcnkgb2YgcHJvdGlzdG9sb2d5	0
5323	R2xvc3Nhcnkgb2YgcHN5Y2hpYXRyeQ	0
5323	R2xvc3Nhcnkgb2YgcXVhbnR1bSBjb21wdXRpbmc	0
5323	R2xvc3Nhcnkgb2Ygcm9ib3RpY3M	0
5323	R2xvc3Nhcnkgb2Ygc2NpZW50aWZpYyBuYW1pbmc	0
5323	R2xvc3Nhcnkgb2Ygc3RydWN0dXJhbCBlbmdpbmVlcmluZw	0
5323	R2xvc3Nhcnkgb2Ygdmlyb2xvZ3k	0
5323	R290bw	0
5323	R290dGZyaWVkIExlaWJuaXo	0
5323	R290dGZyaWVkIFdpbGhlbG0gTGVpYm5peg	0
5323	R3JhcGhpY3MgcHJvY2Vzc2luZyB1bml0	0
5323	R3JlZWsgbGFuZ3VhZ2U	0
5323	R3JlZW4gY29tcHV0aW5n	0
5323	SGFsdGluZyBwcm9ibGVt	0
5323	SGFyZHdhcmUgYWNjZWxlcmF0aW9u	0
5323	SGFyZHdhcmUgc2VjdXJpdHk	0
5323	SGFydmFyZCBCdXNpbmVzcyBTY2hvb2w	0
5323	SGFydmFyZCBNYXJrIEk	0
5323	SGVhbHRoIGluZm9ybWF0aWNz	0
5323	SGVyYmVydCBBLiBTaW1vbg	0
5323	SGVybWFuIEhvbGxlcml0aA	0
5323	SGlzdG9yeSBvZiBhcnRpZmljaWFsIGludGVsbGlnZW5jZQ	0
5323	SGlzdG9yeSBvZiBjbG91ZCBjb21wdXRpbmc	0
5323	SGlzdG9yeSBvZiBjb21waWxlciBjb25zdHJ1Y3Rpb24	0
5323	SGlzdG9yeSBvZiBjb21wdXRlciBoYXJkd2FyZSBpbiBCdWxnYXJpYQ	0
5323	SGlzdG9yeSBvZiBjb21wdXRlciBoYXJkd2FyZSBpbiBFYXN0ZXJuIEJsb2MgY291bnRyaWVz	0
5323	SGlzdG9yeSBvZiBjb21wdXRlciBoYXJkd2FyZSBpbiBZdWdvc2xhdmlh	0
5323	SGlzdG9yeSBvZiBjb21wdXRlciBzY2llbmNl	0
5323	SGlzdG9yeSBvZiBjb21wdXRpbmc	0
5323	SGlzdG9yeSBvZiBjb21wdXRpbmcgaGFyZHdhcmUgKDE5NjBz4oCTcHJlc2VudCk	0
5323	SGlzdG9yeSBvZiBjb21wdXRpbmcgaW4gUG9sYW5k	0
5323	SGlzdG9yeSBvZiBjb21wdXRpbmcgaW4gUm9tYW5pYQ	0
5323	SGlzdG9yeSBvZiBjb21wdXRpbmcgaW4gU291dGggQW1lcmljYQ	0
5323	SGlzdG9yeSBvZiBjb21wdXRpbmcgaW4gdGhlIFNvdmlldCBVbmlvbg	0
5323	SGlzdG9yeSBvZiBmcmVlIGFuZCBvcGVuLXNvdXJjZSBzb2Z0d2FyZQ	0
5323	SGlzdG9yeSBvZiBnZW5lcmFsLXB1cnBvc2UgQ1BVcw	0
5323	SGlzdG9yeSBvZiBpbmZvcm1hdGljcw	0
5323	SGlzdG9yeSBvZiBsYXB0b3Bz	0
5323	SGlzdG9yeSBvZiBvcGVyYXRpbmcgc3lzdGVtcw	0
5323	SGlzdG9yeSBvZiBwZXJzb25hbCBjb21wdXRlcnM	0
5323	SGlzdG9yeSBvZiBwcm9ncmFtbWluZyBsYW5ndWFnZXM	0
5323	SGlzdG9yeSBvZiBzb2Z0d2FyZQ	0
5323	SGlzdG9yeSBvZiBzb2Z0d2FyZSBjb25maWd1cmF0aW9uIG1hbmFnZW1lbnQ	0
5323	SGlzdG9yeSBvZiBzb2Z0d2FyZSBlbmdpbmVlcmluZw	0
5323	SGlzdG9yeSBvZiB0aGUgZ3JhcGhpY2FsIHVzZXIgaW50ZXJmYWNl	0
5323	SGlzdG9yeSBvZiB0aGUgSW50ZXJuZXQ	0
5323	SGlzdG9yeSBvZiB0aGUgV29ybGQgV2lkZSBXZWI	0
5323	SGlzdG9yeSBvZiBVbml4	0
5323	SGlzdG9yeSBvZiB2aWRlbyBnYW1lcw	0
5323	SG93YXJkIEFpa2Vu	0
5323	SHVtYW4	0
5323	SHVtYW4tY2VudGVyZWQgY29tcHV0aW5n	0
5323	SHVtYW4tY2VudGVyZWQgZGVzaWdu	0
5323	SHVtYW7igJNjb21wdXRlciBpbnRlcmFjdGlvbg	0
5323	SHVuZ2FyaWFuIGxhbmd1YWdl	0
5323	SUJN	0
5323	SURFRg	0
5323	SUVFRSBDb21wdXRlciBTb2NpZXR5	0
5323	SW1hZ2UgY29tcHJlc3Npb24	0
5323	SW1hZ2UgcHJvY2Vzc2luZw	0
5323	SW1wZXJhdGl2ZSBwcm9ncmFtbWluZw	0
5323	SW5jcmVtZW50YWwgYnVpbGQgbW9kZWw	0
5323	SW5kdXN0cmlhbCBwcm9jZXNzIGNvbnRyb2w	0
5323	SW5mb3JtYXRpY3M	0
5323	SW5mb3JtYXRpb24	0
5323	SW5mb3JtYXRpb24gZW5naW5lZXJpbmc	0
5323	SW5mb3JtYXRpb24gbW9kZWw	0
5323	SW5mb3JtYXRpb24gcmV0cmlldmFs	0
5323	SW5mb3JtYXRpb24gc2NpZW5jZQ	0
5323	SW5mb3JtYXRpb24gc2VjdXJpdHk	0
5323	SW5mb3JtYXRpb24gc3lzdGVt	0
5323	SW5mb3JtYXRpb24gdGhlb3J5	0
5323	SW5wdXQvb3V0cHV0	0
5323	SW50ZWdyYXRlZCBjaXJjdWl0	0
5323	SW50ZWdyYXRlZCBkZXZlbG9wbWVudCBlbnZpcm9ubWVudA	0
5323	SW50ZXJhY3Rpb24gZGVzaWdu	0
5323	SW50ZXJmYWNlIChjb21wdXRpbmcp	0
5323	SW50ZXJwcmV0ZXIgKGNvbXB1dGluZyk	0
5323	SW50cnVzaW9uIGRldGVjdGlvbiBzeXN0ZW0	0
5323	SVNCTiAoaWRlbnRpZmllcik	0
5323	SVNPL0lFQyAxNTUwNA	0
5323	SVNTTiAoaWRlbnRpZmllcik	0
5323	SXRlcmF0aXZlIGFuZCBpbmNyZW1lbnRhbCBkZXZlbG9wbWVudA	0
5323	SmFjcXVhcmQgbG9vbQ	0
5323	Sm9obiB2b24gTmV1bWFubg	0
5323	SlNUT1IgKGlkZW50aWZpZXIp	0
5323	S2V5LWFncmVlbWVudCBwcm90b2NvbA	0
5323	S25vd2xlZGdlIHJlcHJlc2VudGF0aW9uIGFuZCByZWFzb25pbmc	0
5323	S29sbW9nb3JvdiBjb21wbGV4aXR5	0
5323	S3VydCBHw7ZkZWw	0
5323	TGVvbmFyZG8gVG9ycmVzIFF1ZXZlZG8	0
5323	TGVvbmFyZG8gVG9ycmVzIHkgUXVldmVkbw	0
5323	TGlicmFyeSAoY29tcHV0aW5nKQ	0
5323	TGlmZS1jcml0aWNhbCBzeXN0ZW0	0
5323	TGluZ3Vpc3RpY3M	0
5323	TGlzdCBvZiBjb21wdXRlciBzY2llbmNlIGF3YXJkcw	0
5323	TGlzdCBvZiBjb21wdXRlciBzY2llbmNlIGNvbmZlcmVuY2Vz	0
5323	TGlzdCBvZiBjb21wdXRlciBzY2llbnRpc3Rz	0
5323	TGlzdCBvZiBjb21wdXRlciBzaXplIGNhdGVnb3JpZXM	0
5323	TGlzdCBvZiBjb21wdXRlci1haWRlZCBlbmdpbmVlcmluZyBzb2Z0d2FyZQ	0
5323	TGlzdCBvZiBwaW9uZWVycyBpbiBjb21wdXRlciBzY2llbmNl	0
5323	TGlzdCBvZiB1bnNvbHZlZCBwcm9ibGVtcyBpbiBjb21wdXRlciBzY2llbmNl	0
5323	TGxveWQgU3RyaWNrbGFuZA	0
5323	TG9naWM	0
5323	TG9naWMgaW4gY29tcHV0ZXIgc2NpZW5jZQ	0
5323	TWFjaGluZSBsZWFybmluZw	0
5323	TWFuYWdlbWVudCBzY2llbmNl	0
5323	TWF0aGVtYXRpY2FsIGFuYWx5c2lz	0
5323	TWF0aGVtYXRpY2FsIGxvZ2lj	0
5323	TWF0aGVtYXRpY2FsIG9wdGltaXphdGlvbg	0
5323	TWF0aGVtYXRpY2FsIHNvZnR3YXJl	0
5323	TWF0aGVtYXRpY3M	0
5323	TWVjaGFuaWNhbCBjYWxjdWxhdG9y	0
5323	TWVkaWNhbCBpbWFnZSBjb21wdXRpbmc	0
5323	TWVkaWNhbCBpbmZvcm1hdGljcw	0
5323	TWV0YW1vZGVsaW5n	0
5323	TWljcm9hcmNoaXRlY3R1cmU	0
5323	TWljcm9jb250cm9sbGVy	0
5323	TWlkZGxld2FyZQ	0
5323	TWlsbGVubml1bSBQcml6ZSBQcm9ibGVtcw	0
5323	TWluZHMgYW5kIE1hY2hpbmVz	0
5323	TWlzc2lvbiBjcml0aWNhbA	0
5323	TWl4ZWQgcmVhbGl0eQ	0
5323	TW9iaWxlIGNvbXB1dGluZw	0
5323	TW9kZWwgb2YgY29tcHV0YXRpb24	0
5323	TW9kZWwtZHJpdmVuIGVuZ2luZWVyaW5n	0
5323	TW9kZWxpbmcgbGFuZ3VhZ2U	0
5323	TW9kZWxzIG9mIGNvbXB1dGF0aW9u	0
5323	TW96aWxsYSBGb3VuZGF0aW9u	0
5323	TXVsdGktZGlzY2lwbGluYXJ5	0
5323	TXVsdGktdGFzayBsZWFybmluZw	0
5323	TXVsdGltZWRpYSBkYXRhYmFzZQ	0
5323	TXVsdGlwcm9jZXNzaW5n	0
5323	TXVsdGl0aHJlYWRpbmcgKGNvbXB1dGVyIGFyY2hpdGVjdHVyZSk	0
5323	TmF0dXJhbCBsYW5ndWFnZSBwcm9jZXNzaW5n	0
5323	TmF0dXJhbCBzY2llbmNl	0
5323	TmV0d29yayBhcmNoaXRlY3R1cmU	0
5323	TmV0d29yayBjb2Rpbmc	0
5323	TmV0d29yayBwZXJmb3JtYW5jZQ	0
5323	TmV0d29yayBzY2hlZHVsZXI	0
5323	TmV0d29yayBzZWN1cml0eQ	0
5323	TmV0d29yayBzZXJ2aWNl	0
5323	TmV0d29ya2luZyBoYXJkd2FyZQ	0
5323	TmV1cm9pbmZvcm1hdGljcw	0
5323	TmV1cm9waHlzaW9sb2d5	0
5323	TmV3IFlvcmsgQ2l0eQ	0
5323	TnVtZXJpY2FsIGFuYWx5c2lz	0
5323	TnVtZXJpY2FsIGFuYWx5c3Q	0
5323	T2JqZWN0IG1vZGVs	0
5323	T2JqZWN0LW9yaWVudGVkIHByb2dyYW1taW5n	0
5323	T0NMQyAoaWRlbnRpZmllcik	0
5323	T2lrb255bXMgaW4gV2VzdCBhbmQgU291dGggQXNpYQ	0
5323	T250b2xvZ3kgKGluZm9ybWF0aW9uIHNjaWVuY2Up	0
5323	T3BlbiBzb3VyY2U	0
5323	T3BlcmF0aW5nIHN5c3RlbQ	0
5323	T3BlcmF0aW9ucyByZXNlYXJjaA	0
5323	T3V0bGluZSBvZiBhbGdvcml0aG1z	0
5323	T3V0bGluZSBvZiBjb21wdXRlciBzY2llbmNl	0
5323	T3hmb3JkIFVuaXZlcnNpdHkgUHJlc3M	0
5323	UCA9IE5QPw	0
5323	UGFyYWxsZWwgY29tcHV0aW5n	0
5323	UGFyYWxsZWwgcmFuZG9tIGFjY2VzcyBtYWNoaW5l	0
5323	UGF0dGVybiByZWNvZ25pdGlvbg	0
5323	UGVyY3kgTHVkZ2F0ZQ	0
5323	UGVyaXBoZXJhbA	0
5323	UGVyc29uYWwgY29tcHV0ZXI	0
5323	UGV0ZXIgSi4gRGVubmluZw	0
5323	UGV0ZXIgTmF1cg	0
5323	UGV0ZXIgV2VnbmVyIChjb21wdXRlciBzY2llbnRpc3Qp	0
5323	UGV0cmkgbmV0	0
5323	UGhpbG9zb3BoeQ	0
5323	UGhpbG9zb3BoeSBvZiBhcnRpZmljaWFsIGludGVsbGlnZW5jZQ	0
5323	UGhpbG9zb3BoeSBvZiBjb21wdXRlciBzY2llbmNl	0
5323	UGhpbG9zb3BoeSBvZiBtaW5k	0
5323	UGhvdG9ncmFwaCBtYW5pcHVsYXRpb24	0
5323	UGh5c2ljYWwgY29tcHV0aW5n	0
5323	UGh5c2ljcw	0
5323	UGxhbm5pbmcgYW5kIHNjaGVkdWxpbmc	0
5323	UHJpbnRlZCBjaXJjdWl0IGJvYXJk	0
5323	UHJvYmFiaWxpdHk	0
5323	UHJvY2VzcyBjYWxjdWxp	0
5323	UHJvY2Vzc2luZyB1bml0	0
5323	UHJvY2Vzc29yIChjb21wdXRpbmcp	0
5323	UHJvY2Vzc29yIGRlc2lnbg	0
5323	UHJvZ3JhbSBzZW1hbnRpY3M	0
5323	UHJvZ3JhbW1pbmcgbGFuZ3VhZ2U	0
5323	UHJvZ3JhbW1pbmcgbGFuZ3VhZ2UgdGhlb3J5	0
5323	UHJvZ3JhbW1pbmcgcGFyYWRpZ20	0
5323	UHJvZ3JhbW1pbmcgdGVhbQ	0
5323	UHJvZ3JhbW1pbmcgdG9vbA	0
5323	UHJvamVjdCBtYW5hZ2VtZW50	0
5323	UHN5Y2hvaW5mb3JtYXRpY3M	0
5323	UHVuY2hlZCBjYXJk	0
5323	UHVuY2hlZCBjYXJkcw	0
5323	UHVyZHVlIFVuaXZlcnNpdHk	0
5323	UXVhbnR1bSBjb21wdXRlcg	0
5323	UXVhbnR1bSBjb21wdXRpbmc	0
5323	UXVlcnkgbGFuZ3VhZ2U	0
5323	Ui4gQW50aG9ueSBIeW1hbg	0
5323	UmFuZG9taXplZCBhbGdvcml0aG0	0
5323	UmFuZG9taXplZCBhbGdvcml0aG1z	0
5323	UmFwaWQgYXBwbGljYXRpb24gZGV2ZWxvcG1lbnQ	0
5323	UmVhbC10aW1lIGNvbXB1dGluZw	0
5323	UmVpbmZvcmNlbWVudCBsZWFybmluZw	0
5323	UmVuZGVyaW5nIChjb21wdXRlciBncmFwaGljcyk	0
5323	UmVxdWlyZW1lbnRzIGFuYWx5c2lz	0
5323	UmVxdWlyZW1lbnRzIGVuZ2luZWVyaW5n	0
5323	UmlzayBtYW5hZ2VtZW50	0
5323	Um9ib3RpY3M	0
5323	Um91bmQtdHJpcCBlbmdpbmVlcmluZw	0
5323	UsOzenNhIFDDqXRlcg	0
5323	UzJDSUQgKGlkZW50aWZpZXIp	0
5323	U2FtdWVsIE1vcnNl	0
5323	U2Nob29sIG9mIEluZm9ybWF0aWNzLCBVbml2ZXJzaXR5IG9mIEVkaW5idXJnaA	0
5323	U2NpZW5jZQ	0
5323	U2NpZW50aWZpYw	0
5323	U2NpZW50aWZpYyBjb21wdXRpbmc	0
5323	U2NpZW50aWZpYyBtb2RlbGxpbmc	0
5323	U2NydW0gKHNvZnR3YXJlIGRldmVsb3BtZW50KQ	0
5323	U2VhcmNoLWJhc2VkIHNvZnR3YXJlIGVuZ2luZWVyaW5n	0
5323	U2VjdXJpdHkgaGFja2Vy	0
5323	U2VjdXJpdHkgc2VydmljZSAodGVsZWNvbW11bmljYXRpb24p	0
5323	U2VjdXJpdHkgdnVsbmVyYWJpbGl0aWVz	0
5323	U2VtYW50aWNzIChjb21wdXRlciBzY2llbmNlKQ	0
5323	U2VtaW90aWNz	0
5323	U2VydmljZS1vcmllbnRlZCBhcmNoaXRlY3R1cmU	0
5323	U2VydmljZS1vcmllbnRlZCBwcm9ncmFtbWluZw	0
5323	U2lnbmFs	0
5323	U2lnbmFsIGRldGVjdGlvbiB0aGVvcnk	0
5323	U2lnbmFsIHByb2Nlc3Npbmc	0
5323	U2ltdWxhdGlvbg	0
5323	U2l0ZSByZWxpYWJpbGl0eSBlbmdpbmVlcmluZw	0
5323	U2xhdmljIGxhbmd1YWdlcw	0
5323	U29jaWFsIGJlaGF2aW9y	0
5323	U29jaWFsIGNvbXB1dGluZw	0
5323	U29jaWFsIGludGVsbGlnZW5jZQ	0
5323	U29jaWFsIHNvZnR3YXJl	0
5323	U29jaWFsIHNvZnR3YXJlIGVuZ2luZWVyaW5n	0
5323	U29mdHdhcmU	0
5323	U29mdHdhcmUgYXJjaGFlb2xvZ3k	0
5323	U29mdHdhcmUgYXJjaGl0ZWN0dXJl	0
5323	U29mdHdhcmUgY29uZmlndXJhdGlvbiBtYW5hZ2VtZW50	0
5323	U29mdHdhcmUgY29uc3RydWN0aW9u	0
5323	U29mdHdhcmUgZGVwbG95bWVudA	0
5323	U29mdHdhcmUgZGVzaWdu	0
5323	U29mdHdhcmUgZGV2ZWxvcG1lbnQ	0
5323	U29mdHdhcmUgZGV2ZWxvcG1lbnQgcHJvY2Vzcw	0
5323	U29mdHdhcmUgZW5naW5lZXJpbmc	0
5323	U29mdHdhcmUgZnJhbWV3b3Jr	0
5323	U29mdHdhcmUgaW5jb21wYXRpYmlsaXR5	0
5323	U29mdHdhcmUgbWFpbnRlbmFuY2U	0
5323	U29mdHdhcmUgcHJvdG90eXBpbmc	0
5323	U29mdHdhcmUgcXVhbGl0eQ	0
5323	U29mdHdhcmUgcXVhbGl0eSBhc3N1cmFuY2U	0
5323	U29mdHdhcmUgcmVwb3NpdG9yeQ	0
5323	U29mdHdhcmUgc3lzdGVt	0
5323	U29mdHdhcmUgdGVzdGluZw	0
5323	U29mdHdhcmUgdmVyaWZpY2F0aW9uIGFuZCB2YWxpZGF0aW9u	0
5323	U29saWQgbW9kZWxpbmc	0
5323	U3BlZWNoIHJlY29nbml0aW9u	0
5323	U3BlZWNoIHN5bnRoZXNpcw	0
5323	U3BpcmFsIG1vZGVs	0
5323	U3RhdGlzdGljcw	0
5323	U3RlcGhlbiBDb2xlIEtsZWVuZQ	0
5323	U3RlcHBlZCBSZWNrb25lcg	0
5323	U3RvY2hhc3RpYyBjb21wdXRpbmc	0
5323	U3RydWN0dXJlZCBhbmFseXNpcw	0
5323	U3RydWN0dXJlZCBwcm9ncmFtIHRoZW9yZW0	0
5323	U3RydWN0dXJlZCBwcm9ncmFtbWluZw	0
5323	U3VwZXJjb21wdXRlcg	0
5323	U3VwZXJ2aXNlZCBsZWFybmluZw	0
5323	U3dhcm0gaW50ZWxsaWdlbmNl	0
5323	U3ltYm9saWMgY29tcHV0YXRpb24	0
5323	U3lzdGVtIG9uIGEgY2hpcA	0
5323	U3lzdGVtcyBhbmFseXNpcw	0
5323	U3lzdGVtcyBhcmNoaXRlY3R1cmU	0
5323	U3lzdGVtcyBkZXZlbG9wbWVudCBsaWZlIGN5Y2xl	0
5323	U3lzdGVtcyBlbmdpbmVlcmluZw	0
5323	U3lzdGVtcyBtb2RlbGluZw	0
5323	U3lzdGVtcyBtb2RlbGluZyBsYW5ndWFnZQ	0
5323	VGFidWxhdGluZyBtYWNoaW5l	0
5323	VGF5bG9yICYgRnJhbmNpcw	0
5323	VGVjaG5pY2FsIGRlYnQ	0
5323	VGVsZWNvbW11bmljYXRpb25z	0
5323	VGhlb3JldGljYWwgY29tcHV0ZXIgc2NpZW5jZQ	0
5323	VGhlb3J5IG9mIGNvbXB1dGF0aW9u	0
5323	VGhvbWFzIGRlIENvbG1hcg	0
5323	VGhvbWFzIEhhcnJpb3Q	0
5323	VGltZWxpbmUgb2YgY29tcHV0aW5n	0
5323	VGltZWxpbmUgb2YgY29tcHV0aW5nIDE5NTDigJMxOTc5	0
5323	VGltZWxpbmUgb2YgY29tcHV0aW5nIDE5ODDigJMxOTg5	0
5323	VGltZWxpbmUgb2YgY29tcHV0aW5nIDE5OTDigJMxOTk5	0
5323	VGltZWxpbmUgb2YgY29tcHV0aW5nIDIwMDDigJMyMDA5	0
5323	VGltZWxpbmUgb2YgY29tcHV0aW5nIDIwMTDigJMyMDE5	0
5323	VGltZWxpbmUgb2YgY29tcHV0aW5nIDIwMjDigJNwcmVzZW50	0
5323	VGltZWxpbmUgb2YgY29tcHV0aW5nIGhhcmR3YXJlIGJlZm9yZSAxOTUw	0
5323	VGltZWxpbmUgb2YgcXVhbnR1bSBjb21wdXRpbmcgYW5kIGNvbW11bmljYXRpb24	0
5323	VG9ueSBIb2FyZQ	0
5323	VHVyaW5nIEF3YXJk	0
5323	VHVyaW5nIG1hY2hpbmU	0
5323	VHVyaW5nIHRlc3Q	0
5323	VHlwZSBzeXN0ZW1z	0
5323	VHlwZSB0aGVvcnk	0
5323	VWJpcXVpdG91cyBjb21wdXRpbmc	0
5323	VW5pZmllZCBNb2RlbGluZyBMYW5ndWFnZQ	0
5323	VW5pZmllZCBwcm9jZXNz	0
5323	VW5pdmVyc2FsIFN5c3RlbXMgTGFuZ3VhZ2U	0
5323	VW5pdmVyc2l0eSBvZiBDYW1icmlkZ2UgQ29tcHV0ZXIgTGFib3JhdG9yeQ	0
5323	VW5pdmVyc2l0eSBvZiBDb3BlbmhhZ2Vu	0
5323	VW5zdXBlcnZpc2VkIGxlYXJuaW5n	0
5323	Vi1tb2RlbCAoc29mdHdhcmUgZGV2ZWxvcG1lbnQp	0
5323	VmVyeS1sYXJnZS1zY2FsZSBpbnRlZ3JhdGlvbg	0
5323	VmlkZW8gZ2FtZQ	0
5323	VmlldyBtb2RlbA	0
5323	VmlydHVhbCBtYWNoaW5l	0
5323	VmlydHVhbCByZWFsaXR5	0
5323	VmlzdWFsaXphdGlvbiAoZ3JhcGhpY3Mp	0
5323	V2F0ZXJmYWxsIG1vZGVs	0
5323	V2F0c29uIFNjaWVudGlmaWMgQ29tcHV0aW5nIExhYm9yYXRvcnk	0
5323	V2F5YmFjayBNYWNoaW5l	0
5323	V2lsaGVsbSBTY2hpY2thcmQ	0
5323	V2lsbGlhbSBKLiBSYXBhcG9ydA	0
5323	V2lyZWxlc3Mgc2Vuc29yIG5ldHdvcms	0
5323	V29yZCBwcm9jZXNzb3I	0
5323	V29ybGQgV2lkZSBXZWI	0
5323	WmVyby1rbm93bGVkZ2UgcHJvb2Y	0
